mv  000-img_1755.jpeg.medium.jpeg 004-img_1755.jpeg.medium.jpeg
mv  004-JupiterIm573.jpeg.medium.jpeg 003-JupiterIm573.jpeg.medium.jpeg
mv  005-JupiterMoonsImg551.jpeg.medium.jpeg 001-JupiterMoonsImg551.jpeg.medium.jpeg
mv  006-SaturnIm566.jpeg.medium.jpeg 002-SaturnIm566.jpeg.medium.jpeg
mv  007-Planet0025.jpeg.medium.jpeg 007-Planet0025.jpeg.medium.jpeg
mv  008-Uranus034.jpeg.medium.jpeg 008-Uranus034.jpeg.medium.jpeg
mv  009-Uranus034b.jpeg.medium.jpeg 009-Uranus034b.jpeg.medium.jpeg
mv  010-Neptune28.jpeg.medium.jpeg 011-Neptune28.jpeg.medium.jpeg
